Tanggal,IE (MW),Dispatch,PV (MW)
07-Oct-26,481.0,150.0,0
07-Oct-26,483.0,150.0,0
07-Oct-26,487.0,150.0,0
07-Oct-26,487.0,150.0,0
07-Oct-26,478.0,150.0,0
07-Oct-26,471.0,150.0,0
07-Oct-26,465.0,90.0,0
07-Oct-26,460.0,90.0,0
07-Oct-26,448.0,90.0,0
07-Oct-26,428.0,90.0,0
07-Oct-26,437.0,90.0,0
07-Oct-26,440.0,90.0,0.43
07-Oct-26,449.0,90.0,1.99
07-Oct-26,465.0,90.0,4.58
07-Oct-26,495.0,90.0,7.72
07-Oct-26,535.0,90.0,11.58
07-Oct-26,565.0,90.0,15.61
07-Oct-26,579.0,90.0,20.16
07-Oct-26,584.0,90.0,22.78
07-Oct-26,577.0,90.0,23.7
07-Oct-26,601.0,90.0,23.31
07-Oct-26,606.0,90.0,24.15
07-Oct-26,607.0,90.0,24.11
07-Oct-26,568.0,90.0,17.12
07-Oct-26,516.0,90.0,17.8
07-Oct-26,556.0,90.0,16.58
07-Oct-26,610.0,90.0,17.23
07-Oct-26,618.0,150.0,17.61
07-Oct-26,612.0,150.0,13.58
07-Oct-26,612.0,150.0,10.35
07-Oct-26,604.0,150.0,10.34
07-Oct-26,563.0,90.0,5.67
07-Oct-26,548.0,90.0,2.96
07-Oct-26,543.0,90.0,1.81
07-Oct-26,529.0,96.13,0.92
07-Oct-26,514.0,150.0,0
07-Oct-26,478.0,90.0,0
07-Oct-26,482.0,90.0,0
07-Oct-26,488.0,90.0,0
07-Oct-26,481.0,90.0,0
07-Oct-26,492.0,90.0,0
07-Oct-26,506.0,90.0,0
07-Oct-26,515.0,90.0,0
07-Oct-26,518.0,90.0,0
07-Oct-26,509.0,90.0,0
07-Oct-26,507.0,150.0,0
07-Oct-26,502.0,150.0,0
07-Oct-26,486.0,150.0,0
