Tanggal;IE (MW);Dispatch;PV (MW)
5-Oct-26;270,84384;150;0,22
5-Oct-26;271,8041653;150;0,22
5-Oct-26;273,40048;150;0,22
5-Oct-26;273,17744;150;0,22
5-Oct-26;272,02912;150;0,22
5-Oct-26;269,3835025;150;0,22
5-Oct-26;269,12984;90;0,22
5-Oct-26;271,1527934;90;0,22
5-Oct-26;269,51176;90;0,22
5-Oct-26;271,674837;90;0,22
5-Oct-26;283,4190099;90;0,22
5-Oct-26;295,4393525;90;0,43
5-Oct-26;324,8594882;90;1,99
5-Oct-26;364,8809175;90;4,58
5-Oct-26;416,41347;90;7,72
5-Oct-26;466,5608475;90;11,58
5-Oct-26;510,5859;90;15,61
5-Oct-26;538,72335;90;20,16
5-Oct-26;549,39654;90;22,78
5-Oct-26;549,7102875;90;23,70
5-Oct-26;559,0174504;90;23,31
5-Oct-26;571,021545;90;24,15
5-Oct-26;571,5303217;90;24,11
5-Oct-26;537,3736921;90;17,12
5-Oct-26;479,949525;90;17,80
5-Oct-26;519,0927225;90;16,58
5-Oct-26;561,6552904;90;17,23
5-Oct-26;579,0190346;150;17,61
5-Oct-26;581,8156958;150;13,58
5-Oct-26;584,2705621;150;10,35
5-Oct-26;581,3781917;150;10,34
5-Oct-26;570,9573842;90;5,67
5-Oct-26;556,5336975;90;2,96
5-Oct-26;547,72278;90;1,81
5-Oct-26;535,66986;96,13;0,92
5-Oct-26;522,58173;150;0,33
5-Oct-26;486,63747;90;0,22
5-Oct-26;490,33776;90;0,22
5-Oct-26;492,7574025;90;0,22
5-Oct-26;488,876685;90;0,22
5-Oct-26;492,37518;90;0,22
5-Oct-26;502,46493;90;0,22
5-Oct-26;501,4863975;90;0,22
5-Oct-26;503,93904;90;0,22
5-Oct-26;500,1617775;90;0,22
5-Oct-26;499,0930725;150;0,22
5-Oct-26;493,862985;150;0,22
5-Oct-26;479,7831225;150;0,22
