id,name,rep,wall_s,sync_s,async_s,async_kind,async_status,http,rows,status,converged,economic_review_completed,deadline,stages_truncated,core_runs,gas_used,gas_quota,gas_shortage,export_out_of_range,row22,row22_min,reserve_viol,cost_usd,cost_production,hard_status,hard_violations,resp_status,fuel_ready,publish_allowed,checksum,classification,message
PGN_20,"PGN = 20",1,0.341,0.323,0.018,economic_review,DONE,200,48,CONVERGED,true,true,false,,24,64.2985,54.6,9.7385,0,25.14,25,0,783267.78,58.3941,FAIL,2,USER_FUEL_DECISION_REQUIRED,true,false,92fa6f6308bd526f,INFEASIBLE_WITH_VALID_BLOCKER,"Gas consumption remains outside the target window after bounded automatic correction. Tota"
PGN_22_5,"PGN = 22.5",1,0.054,0.035,0.019,economic_review,DONE,200,48,CONVERGED,true,true,false,,24,64.2985,57.1,7.2385,0,25.14,25,0,805017.78,60.0156,FAIL,2,USER_FUEL_DECISION_REQUIRED,true,false,92fa6f6308bd526f,INFEASIBLE_WITH_VALID_BLOCKER,"Gas consumption remains outside the target window after bounded automatic correction. Tota"
PGN_25,"PGN = 25",1,0.055,0.036,0.019,economic_review,DONE,200,48,CONVERGED,true,true,false,,24,64.2985,59.6,4.7385,0,25.14,25,0,826767.78,61.6371,FAIL,2,USER_FUEL_DECISION_REQUIRED,true,false,92fa6f6308bd526f,INFEASIBLE_WITH_VALID_BLOCKER,"Gas consumption remains outside the target window after bounded automatic correction. Tota"
PGN_25,"PGN = 25",2,0.019,0.004,0.015,economic_review,DONE,200,48,CONVERGED,true,true,false,,24,64.2985,59.6,4.7385,0,25.14,25,0,826767.78,61.6371,FAIL,2,USER_FUEL_DECISION_REQUIRED,true,false,92fa6f6308bd526f,INFEASIBLE_WITH_VALID_BLOCKER,"Gas consumption remains outside the target window after bounded automatic correction. Tota"
PGN_25,"PGN = 25",3,0.018,0.002,0.016,economic_review,DONE,200,48,CONVERGED,true,true,false,,24,64.2985,59.6,4.7385,0,25.14,25,0,826767.78,61.6371,FAIL,2,USER_FUEL_DECISION_REQUIRED,true,false,92fa6f6308bd526f,INFEASIBLE_WITH_VALID_BLOCKER,"Gas consumption remains outside the target window after bounded automatic correction. Tota"
PGN_25,"PGN = 25",4,0.018,0.002,0.016,economic_review,DONE,200,48,CONVERGED,true,true,false,,24,64.2985,59.6,4.7385,0,25.14,25,0,826767.78,61.6371,FAIL,2,USER_FUEL_DECISION_REQUIRED,true,false,92fa6f6308bd526f,INFEASIBLE_WITH_VALID_BLOCKER,"Gas consumption remains outside the target window after bounded automatic correction. Tota"
PGN_25,"PGN = 25",5,0.019,0.002,0.017,economic_review,DONE,200,48,CONVERGED,true,true,false,,24,64.2985,59.6,4.7385,0,25.14,25,0,826767.78,61.6371,FAIL,2,USER_FUEL_DECISION_REQUIRED,true,false,92fa6f6308bd526f,INFEASIBLE_WITH_VALID_BLOCKER,"Gas consumption remains outside the target window after bounded automatic correction. Tota"
PGN_27,"PGN = 27",1,0.054,0.035,0.019,economic_review,DONE,200,48,CONVERGED,true,true,false,,24,64.2985,61.6,2.7385,0,25.14,25,0,844167.78,62.9343,FAIL,2,USER_FUEL_DECISION_REQUIRED,true,false,92fa6f6308bd526f,INFEASIBLE_WITH_VALID_BLOCKER,"Gas consumption remains outside the target window after bounded automatic correction. Tota"
PGN_27,"PGN = 27",2,0.023,0.004,0.019,economic_review,DONE,200,48,CONVERGED,true,true,false,,24,64.2985,61.6,2.7385,0,25.14,25,0,844167.78,62.9343,FAIL,2,USER_FUEL_DECISION_REQUIRED,true,false,92fa6f6308bd526f,INFEASIBLE_WITH_VALID_BLOCKER,"Gas consumption remains outside the target window after bounded automatic correction. Tota"
PGN_27,"PGN = 27",3,0.022,0.004,0.018,economic_review,DONE,200,48,CONVERGED,true,true,false,,24,64.2985,61.6,2.7385,0,25.14,25,0,844167.78,62.9343,FAIL,2,USER_FUEL_DECISION_REQUIRED,true,false,92fa6f6308bd526f,INFEASIBLE_WITH_VALID_BLOCKER,"Gas consumption remains outside the target window after bounded automatic correction. Tota"
PGN_27,"PGN = 27",4,0.022,0.003,0.019,economic_review,DONE,200,48,CONVERGED,true,true,false,,24,64.2985,61.6,2.7385,0,25.14,25,0,844167.78,62.9343,FAIL,2,USER_FUEL_DECISION_REQUIRED,true,false,92fa6f6308bd526f,INFEASIBLE_WITH_VALID_BLOCKER,"Gas consumption remains outside the target window after bounded automatic correction. Tota"
PGN_27,"PGN = 27",5,0.021,0.002,0.018,economic_review,DONE,200,48,CONVERGED,true,true,false,,24,64.2985,61.6,2.7385,0,25.14,25,0,844167.78,62.9343,FAIL,2,USER_FUEL_DECISION_REQUIRED,true,false,92fa6f6308bd526f,INFEASIBLE_WITH_VALID_BLOCKER,"Gas consumption remains outside the target window after bounded automatic correction. Tota"
PGN_30,"PGN = 30",1,0.05,0.035,0.016,economic_review,DONE,200,48,CONVERGED,true,true,false,,9,64.5918,64.6,0,0,25.71,25,0,870497.48,64.6644,PASS,0,ECONOMIC_REVIEW_REQUIRED,NULL,true,94f20cc69f18dc9e,PASS,
PGN_30,"PGN = 30",2,0.017,0.004,0.013,economic_review,DONE,200,48,CONVERGED,true,true,false,,9,64.5918,64.6,0,0,25.71,25,0,870497.48,64.6644,PASS,0,ECONOMIC_REVIEW_REQUIRED,NULL,true,94f20cc69f18dc9e,PASS,
PGN_30,"PGN = 30",3,0.019,0.004,0.015,economic_review,DONE,200,48,CONVERGED,true,true,false,,9,64.5918,64.6,0,0,25.71,25,0,870497.48,64.6644,PASS,0,ECONOMIC_REVIEW_REQUIRED,NULL,true,94f20cc69f18dc9e,PASS,
PGN_30,"PGN = 30",4,0.015,0.002,0.013,economic_review,DONE,200,48,CONVERGED,true,true,false,,9,64.5918,64.6,0,0,25.71,25,0,870497.48,64.6644,PASS,0,ECONOMIC_REVIEW_REQUIRED,NULL,true,94f20cc69f18dc9e,PASS,
PGN_30,"PGN = 30",5,0.016,0.003,0.013,economic_review,DONE,200,48,CONVERGED,true,true,false,,9,64.5918,64.6,0,0,25.71,25,0,870497.48,64.6644,PASS,0,ECONOMIC_REVIEW_REQUIRED,NULL,true,94f20cc69f18dc9e,PASS,
PGN_35,"PGN = 35",1,0.051,0.036,0.015,economic_review,DONE,200,48,CONVERGED,true,true,false,,4,69.5806,69.6,0,0,25.71,25,0,913901.43,63.9795,PASS,0,ECONOMIC_REVIEW_REQUIRED,NULL,true,5f586ad73295a7cf,PASS,
PGN_40,"PGN = 40",1,0.053,0.036,0.018,economic_review,DONE,200,48,CONVERGED,true,true,false,,2,74.5736,74.6,0,0,25.71,25,0,957338.58,63.4651,PASS,0,ECONOMIC_REVIEW_REQUIRED,NULL,true,a6ca0ee78b40a04a,PASS,
PEP_20,"PEP = 20",1,0.059,0.037,0.022,economic_review,DONE,200,48,CONVERGED,true,true,false,,24,64.2985,43.8,20.5385,0,25.14,25,0,702267.78,52.3554,FAIL,2,USER_FUEL_DECISION_REQUIRED,true,false,6d2034337dfebe80,INFEASIBLE_WITH_VALID_BLOCKER,"Gas consumption remains outside the target window after bounded automatic correction. Tota"
PEP_30,"PEP = 30",1,0.021,0.004,0.017,economic_review,DONE,200,48,CONVERGED,true,true,false,,24,64.2985,54.6,9.7385,0,25.14,25,0,783267.78,58.3941,FAIL,2,USER_FUEL_DECISION_REQUIRED,true,false,92fa6f6308bd526f,INFEASIBLE_WITH_VALID_BLOCKER,"Gas consumption remains outside the target window after bounded automatic correction. Tota"
PEP_40,"PEP = 40",1,0.059,0.036,0.024,economic_review,DONE,200,48,CONVERGED,true,true,false,,34,66.1286,65.4,0.7686,2,25.12,25,0,864138.7,64.4116,FAIL,4,USER_FUEL_DECISION_REQUIRED,true,false,ecd9862e0ec49c85,FAIL_CONSTRAINT,"Gas consumption remains outside the target window after bounded automatic correction. Tota"
PEPKP72_0,"PEP KP72 = 0",1,0.057,0.038,0.019,economic_review,DONE,200,48,CONVERGED,true,true,false,,18,62.1385,52.4,9.7385,0,25.14,25,0,767067.74,58.4333,FAIL,2,USER_FUEL_DECISION_REQUIRED,true,false,cdee5d9f99397f13,INFEASIBLE_WITH_VALID_BLOCKER,"Gas consumption remains outside the target window after bounded automatic correction. Tota"
PEPKP72_2_2,"PEP KP72 = 2.2",1,0.026,0.006,0.02,economic_review,DONE,200,48,CONVERGED,true,true,false,,24,64.2985,54.6,9.7385,0,25.14,25,0,783267.78,58.3941,FAIL,2,USER_FUEL_DECISION_REQUIRED,true,false,92fa6f6308bd526f,INFEASIBLE_WITH_VALID_BLOCKER,"Gas consumption remains outside the target window after bounded automatic correction. Tota"
PEPKP72_4_4,"PEP KP72 = 4.4",1,0.06,0.034,0.025,economic_review,DONE,200,48,CONVERGED,true,true,false,,42,66.4987,56.8,9.7385,0,25.14,25,0,799768.98,58.4297,FAIL,2,USER_FUEL_DECISION_REQUIRED,true,false,488d8e8d928c16e8,INFEASIBLE_WITH_VALID_BLOCKER,"Gas consumption remains outside the target window after bounded automatic correction. Tota"
PERTAGASKP72_2_2,"Pertagas KP72 = 2.2",1,0.058,0.036,0.022,economic_review,DONE,200,48,CONVERGED,true,true,false,,42,66.5647,56.866,9.7385,0,25.14,25,0,806447.74,58.8776,FAIL,2,USER_FUEL_DECISION_REQUIRED,true,false,7cd93da44d1fb033,INFEASIBLE_WITH_VALID_BLOCKER,"Gas consumption remains outside the target window after bounded automatic correction. Tota"
AKASIAKP72_2_2,"Akasia KP72 = 2.2",1,0.058,0.036,0.022,economic_review,DONE,200,48,CONVERGED,true,true,false,,42,66.5647,56.866,9.7385,0,25.14,25,0,806755.74,58.9001,FAIL,2,USER_FUEL_DECISION_REQUIRED,true,false,7cd93da44d1fb033,INFEASIBLE_WITH_VALID_BLOCKER,"Gas consumption remains outside the target window after bounded automatic correction. Tota"
BASKARAKP72_2_2,"Baskara KP72 = 2.2",1,0.059,0.037,0.023,economic_review,DONE,200,48,CONVERGED,true,true,false,,42,66.5647,56.866,9.7385,0,25.14,25,0,783567.74,57.2072,FAIL,2,USER_FUEL_DECISION_REQUIRED,true,false,7cd93da44d1fb033,INFEASIBLE_WITH_VALID_BLOCKER,"Gas consumption remains outside the target window after bounded automatic correction. Tota"
PGNLOW_PEPHIGH,"PGN rendah + PEP tinggi",1,0.022,0.005,0.018,economic_review,DONE,200,48,CONVERGED,true,true,false,,34,66.1286,65.4,0.7686,2,25.12,25,0,864138.7,64.4116,FAIL,4,USER_FUEL_DECISION_REQUIRED,true,false,ecd9862e0ec49c85,FAIL_CONSTRAINT,"Gas consumption remains outside the target window after bounded automatic correction. Tota"
PGNHIGH_PEPLOW,"PGN tinggi + PEP rendah",1,0.055,0.035,0.021,economic_review,DONE,200,48,CONVERGED,true,true,false,,24,64.2985,63.8,0.5385,0,25.14,25,0,876267.78,65.3274,FAIL,2,USER_FUEL_DECISION_REQUIRED,true,false,6d2034337dfebe80,INFEASIBLE_WITH_VALID_BLOCKER,"Gas consumption remains outside the target window after bounded automatic correction. Tota"
KP72_ALL_ZERO,"PGN nominal + seluruh KP72 nol",1,0.059,0.037,0.021,economic_review,DONE,200,48,CONVERGED,true,true,false,,18,62.1385,59.4,2.7385,0,25.14,25,0,827967.74,63.0725,FAIL,2,USER_FUEL_DECISION_REQUIRED,true,false,cdee5d9f99397f13,INFEASIBLE_WITH_VALID_BLOCKER,"Gas consumption remains outside the target window after bounded automatic correction. Tota"
KP72_ALL_ACTIVE,"PGN nominal + kombinasi KP72 aktif",1,0.06,0.038,0.022,economic_review,DONE,200,48,CONVERGED,true,true,false,,45,70.9371,68.398,2.7385,0,25.14,25,0,890525.51,62.2931,FAIL,3,USER_FUEL_DECISION_REQUIRED,true,false,ef51f1191c3302d6,INFEASIBLE_WITH_VALID_BLOCKER,"Gas consumption remains outside the target window after bounded automatic correction. Tota"
BOUND_PGN_25_6,"Boundary PGN = 25.6",1,0.058,0.037,0.022,economic_review,DONE,200,48,CONVERGED,true,true,false,,24,64.2985,60.2,4.1385,0,25.14,25,0,831987.78,62.0262,FAIL,2,USER_FUEL_DECISION_REQUIRED,true,false,92fa6f6308bd526f,INFEASIBLE_WITH_VALID_BLOCKER,"Gas consumption remains outside the target window after bounded automatic correction. Tota"
BOUND_PGN_25_7,"Boundary PGN = 25.7",1,0.061,0.038,0.024,economic_review,DONE,200,48,CONVERGED,true,true,false,,24,64.2985,60.3,4.0385,0,25.14,25,0,832857.78,62.0911,FAIL,2,USER_FUEL_DECISION_REQUIRED,true,false,92fa6f6308bd526f,INFEASIBLE_WITH_VALID_BLOCKER,"Gas consumption remains outside the target window after bounded automatic correction. Tota"
BOUND_PGN_25_8,"Boundary PGN = 25.8",1,0.057,0.036,0.021,economic_review,DONE,200,48,CONVERGED,true,true,false,,24,64.2985,60.4,3.9385,0,25.14,25,0,833727.78,62.156,FAIL,2,USER_FUEL_DECISION_REQUIRED,true,false,92fa6f6308bd526f,INFEASIBLE_WITH_VALID_BLOCKER,"Gas consumption remains outside the target window after bounded automatic correction. Tota"
BOUND_PGN_26,"Boundary PGN = 26",1,0.059,0.037,0.023,economic_review,DONE,200,48,CONVERGED,true,true,false,,24,64.2985,60.6,3.7385,0,25.14,25,0,835467.78,62.2857,FAIL,2,USER_FUEL_DECISION_REQUIRED,true,false,92fa6f6308bd526f,INFEASIBLE_WITH_VALID_BLOCKER,"Gas consumption remains outside the target window after bounded automatic correction. Tota"
BOUND_PGN_28,"Boundary PGN = 28",1,0.057,0.037,0.02,economic_review,DONE,200,48,CONVERGED,true,true,false,,24,64.2985,62.6,1.7385,0,25.14,25,0,852867.78,63.5829,FAIL,2,USER_FUEL_DECISION_REQUIRED,true,false,92fa6f6308bd526f,INFEASIBLE_WITH_VALID_BLOCKER,"Gas consumption remains outside the target window after bounded automatic correction. Tota"
BOUND_PGN_29,"Boundary PGN = 29",1,0.056,0.036,0.019,economic_review,DONE,200,48,CONVERGED,true,true,false,,24,64.2985,63.6,0.7385,0,25.14,25,0,861567.78,64.2315,FAIL,2,USER_FUEL_DECISION_REQUIRED,true,false,92fa6f6308bd526f,INFEASIBLE_WITH_VALID_BLOCKER,"Gas consumption remains outside the target window after bounded automatic correction. Tota"
